Processors,Average,Throughput
128,83.29,10577.3
120,86.97,10436.8
96,100.6729166667,9664.6
80,102.4625,8197
64,101.1109375,6471.1
56,110.0714285714,6164
40,133.175,5327
32,140.90625,4509
24,143.25,3438
16,144,2304
8,144.25,1154
4,145,580
2,145,290
1,145,145

